{
  "preprocess": {
    "load": {
      "source": "srgb",
      "path": "IMG_3632.JPEG",
      "shape": [
        4284,
        5712,
        3
      ],
      "dtype": "float32"
    },
    "histogram_stats": {
      "brightness_mean": 0.2637224495410919,
      "brightness_median": 0.16879673302173615,
      "shadows_ratio": 0.5390252506231251,
      "highlights_ratio": 0.057518881735700814,
      "dynamic_range": 1.0,
      "is_underexposed": true,
      "is_overexposed": false,
      "histogram": [
        30157,
        63725,
        161094,
        334048,
        435041,
        420829,
        385751,
        360801,
        381612,
        409438,
        418969,
        456252,
        406248,
        485152,
        434185,
        439925,
        460749,
        448005,
        420154,
        413843,
        382962,
        353200,
        373845,
        332318,
        280076,
        258864,
        267482,
        231849,
        214514,
        210099,
        174179,
        190985,
        160336,
        163686,
        159530,
        141777,
        152273,
        140595,
        129638,
        145048,
        132238,
        116667,
        134616,
        119573,
        130724,
        115696,
        109472,
        126423,
        114167,
        122900,
        124915,
        111350,
        106911,
        105070,
        106032,
        101664,
        107005,
        98255,
        92148,
        90225,
        86899,
        83655,
        81473,
        79319,
        76957,
        74185,
        71269,
        62919,
        69936,
        68316,
        64516,
        65122,
        63465,
        63648,
        60489,
        62149,
        66717,
        66072,
        70223,
        84234,
        90436,
        72160,
        82520,
        81069,
        66397,
        67923,
        97072,
        106892,
        104257,
        74614,
        80728,
        112581,
        100482,
        87870,
        92405,
        44577,
        111067,
        113233,
        123227,
        173468,
        80966,
        169402,
        129259,
        150276,
        76092,
        147097,
        152817,
        86110,
        116379,
        162001,
        204730,
        66774,
        221799,
        191940,
        87576,
        91716,
        119056,
        129992,
        99976,
        219629,
        194887,
        84124,
        218560,
        175214,
        60220,
        111557,
        73248,
        58253,
        64804,
        73321,
        43489,
        59694,
        55724,
        47285,
        76054,
        56339,
        53791,
        58298,
        53720,
        37392,
        37487,
        30227,
        30240,
        27970,
        28323,
        26751,
        22915,
        26318,
        24214,
        25930,
        26575,
        21390,
        26236,
        23113,
        24819,
        25328,
        20031,
        25970,
        22298,
        21741,
        24341,
        20696,
        26592,
        18792,
        26560,
        21767,
        20398,
        22412,
        19215,
        21616,
        18093,
        20346,
        16890,
        20050,
        16637,
        17126,
        16111,
        16175,
        14928,
        15491,
        16691,
        13851,
        15574,
        14322,
        15005,
        14341,
        15286,
        14481,
        15139,
        13512,
        15258,
        14600,
        14144,
        15036,
        14758,
        15592,
        14956,
        16824,
        16828,
        16675,
        17911,
        17807,
        18598,
        19624,
        20180,
        20842,
        21852,
        22642,
        23323,
        21686,
        21968,
        24771,
        21711,
        26312,
        21609,
        28400,
        20098,
        24846,
        22773,
        23732,
        20830,
        21991,
        20029,
        20270,
        19538,
        18864,
        19575,
        15856,
        19532,
        14975,
        17252,
        15740,
        16028,
        14524,
        14617,
        16084,
        13830,
        14780,
        14573,
        15468,
        13908,
        15383,
        17037,
        16294,
        18530,
        20321,
        22344,
        27287,
        31319,
        40140,
        53437,
        86090,
        100521,
        153828,
        81019,
        13337
      ],
      "brightness_min": 0.0,
      "brightness_max": 1.0
    },
    "exposure_correction": {
      "ev_correction": 0.03848313698793698,
      "exposure_factor": 1.0270334262676366,
      "reason": "Current brightness: 0.264, Target: 0.220"
    },
    "clipping_info": {
      "overall_clipping_percent": 4.992626135421489,
      "channel_clipping": {
        "red": 4.992626135421489,
        "green": 3.5993564092303587,
        "blue": 0.0
      },
      "action_needed": false,
      "recommendation": "No action needed"
    },
    "shadow_crush_info": {
      "crushed_pixels_percent": 14.100905885229908,
      "detail_lost": true,
      "recommendation": "Apply shadow lift"
    },
    "parameters_used": {
      "auto_exposure": true,
      "auto_white_balance": true,
      "highlight_recovery_strength": 0.8,
      "shadow_lift_strength": 0.5,
      "contrast_enhancement": 0.3,
      "noise_reduction": false
    }
  },
  "portra400": {
    "warm_shift": true,
    "hsl_adjust": true,
    "tone_curves": true,
    "global_saturation": 0.9,
    "grain": {
      "enabled": false
    }
  },
  "output": {
    "path": "test2.png",
    "metadata_path": "test2.png.json",
    "format": "png16"
  }
}